timestamp,level,source,message,response_time
2026-02-05 10:00:00,ERROR,service-0,Message 0,100
2026-02-05 10:00:10,INFO,service-1,Message 1,101
2026-02-05 10:00:20,INFO,service-2,Message 2,102
2026-02-05 10:00:30,INFO,service-3,Message 3,103
2026-02-05 10:00:40,INFO,service-4,Message 4,104
2026-02-05 10:00:50,INFO,service-0,Message 5,105
2026-02-05 10:01:00,INFO,service-1,Message 6,106
2026-02-05 10:01:10,INFO,service-2,Message 7,107
2026-02-05 10:01:20,INFO,service-3,Message 8,108
2026-02-05 10:01:30,INFO,service-4,Message 9,109
2026-02-05 10:01:40,WARN,service-0,Message 10,110
2026-02-05 10:01:50,INFO,service-1,Message 11,111
2026-02-05 10:02:00,INFO,service-2,Message 12,112
2026-02-05 10:02:10,INFO,service-3,Message 13,113
2026-02-05 10:02:20,INFO,service-4,Message 14,114
2026-02-05 10:02:30,INFO,service-0,Message 15,115
2026-02-05 10:02:40,INFO,service-1,Message 16,116
2026-02-05 10:02:50,INFO,service-2,Message 17,117
2026-02-05 10:03:00,INFO,service-3,Message 18,118
2026-02-05 10:03:10,INFO,service-4,Message 19,119
2026-02-05 10:03:20,WARN,service-0,Message 20,120
2026-02-05 10:03:30,INFO,service-1,Message 21,121
2026-02-05 10:03:40,INFO,service-2,Message 22,122
2026-02-05 10:03:50,INFO,service-3,Message 23,123
2026-02-05 10:04:00,INFO,service-4,Message 24,124
2026-02-05 10:04:10,INFO,service-0,Message 25,125
2026-02-05 10:04:20,INFO,service-1,Message 26,126
2026-02-05 10:04:30,INFO,service-2,Message 27,127
2026-02-05 10:04:40,INFO,service-3,Message 28,128
2026-02-05 10:04:50,INFO,service-4,Message 29,129
2026-02-05 10:05:00,WARN,service-0,Message 30,130
2026-02-05 10:05:10,INFO,service-1,Message 31,131
2026-02-05 10:05:20,INFO,service-2,Message 32,132
2026-02-05 10:05:30,INFO,service-3,Message 33,133
2026-02-05 10:05:40,INFO,service-4,Message 34,134
2026-02-05 10:05:50,INFO,service-0,Message 35,135
2026-02-05 10:06:00,INFO,service-1,Message 36,136
2026-02-05 10:06:10,INFO,service-2,Message 37,137
2026-02-05 10:06:20,INFO,service-3,Message 38,138
2026-02-05 10:06:30,INFO,service-4,Message 39,139
2026-02-05 10:06:40,WARN,service-0,Message 40,140
2026-02-05 10:06:50,INFO,service-1,Message 41,141
2026-02-05 10:07:00,INFO,service-2,Message 42,142
2026-02-05 10:07:10,INFO,service-3,Message 43,143
2026-02-05 10:07:20,INFO,service-4,Message 44,144
2026-02-05 10:07:30,INFO,service-0,Message 45,145
2026-02-05 10:07:40,INFO,service-1,Message 46,146
2026-02-05 10:07:50,INFO,service-2,Message 47,147
2026-02-05 10:08:00,INFO,service-3,Message 48,148
2026-02-05 10:08:10,INFO,service-4,Message 49,149
2026-02-05 10:08:20,ERROR,service-0,Message 50,150
2026-02-05 10:08:30,INFO,service-1,Message 51,151
2026-02-05 10:08:40,INFO,service-2,Message 52,152
2026-02-05 10:08:50,INFO,service-3,Message 53,153
2026-02-05 10:09:00,INFO,service-4,Message 54,154
2026-02-05 10:09:10,INFO,service-0,Message 55,155
2026-02-05 10:09:20,INFO,service-1,Message 56,156
2026-02-05 10:09:30,INFO,service-2,Message 57,157
2026-02-05 10:09:40,INFO,service-3,Message 58,158
2026-02-05 10:09:50,INFO,service-4,Message 59,159
2026-02-05 10:10:00,WARN,service-0,Message 60,160
2026-02-05 10:10:10,INFO,service-1,Message 61,161
2026-02-05 10:10:20,INFO,service-2,Message 62,162
2026-02-05 10:10:30,INFO,service-3,Message 63,163
2026-02-05 10:10:40,INFO,service-4,Message 64,164
2026-02-05 10:10:50,INFO,service-0,Message 65,165
2026-02-05 10:11:00,INFO,service-1,Message 66,166
2026-02-05 10:11:10,INFO,service-2,Message 67,167
2026-02-05 10:11:20,INFO,service-3,Message 68,168
2026-02-05 10:11:30,INFO,service-4,Message 69,169
2026-02-05 10:11:40,WARN,service-0,Message 70,170
2026-02-05 10:11:50,INFO,service-1,Message 71,171
2026-02-05 10:12:00,INFO,service-2,Message 72,172
2026-02-05 10:12:10,INFO,service-3,Message 73,173
2026-02-05 10:12:20,INFO,service-4,Message 74,174
2026-02-05 10:12:30,INFO,service-0,Message 75,175
2026-02-05 10:12:40,INFO,service-1,Message 76,176
2026-02-05 10:12:50,INFO,service-2,Message 77,177
2026-02-05 10:13:00,INFO,service-3,Message 78,178
2026-02-05 10:13:10,INFO,service-4,Message 79,179
2026-02-05 10:13:20,WARN,service-0,Message 80,180
2026-02-05 10:13:30,INFO,service-1,Message 81,181
2026-02-05 10:13:40,INFO,service-2,Message 82,182
2026-02-05 10:13:50,INFO,service-3,Message 83,183
2026-02-05 10:14:00,INFO,service-4,Message 84,184
2026-02-05 10:14:10,INFO,service-0,Message 85,185
2026-02-05 10:14:20,INFO,service-1,Message 86,186
2026-02-05 10:14:30,INFO,service-2,Message 87,187
2026-02-05 10:14:40,INFO,service-3,Message 88,188
2026-02-05 10:14:50,INFO,service-4,Message 89,189
2026-02-05 10:15:00,WARN,service-0,Message 90,190
2026-02-05 10:15:10,INFO,service-1,Message 91,191
2026-02-05 10:15:20,INFO,service-2,Message 92,192
2026-02-05 10:15:30,INFO,service-3,Message 93,193
2026-02-05 10:15:40,INFO,service-4,Message 94,194
2026-02-05 10:15:50,INFO,service-0,Message 95,195
2026-02-05 10:16:00,INFO,service-1,Message 96,196
2026-02-05 10:16:10,INFO,service-2,Message 97,197
2026-02-05 10:16:20,INFO,service-3,Message 98,198
2026-02-05 10:16:30,INFO,service-4,Message 99,199
2026-02-05 10:16:40,ERROR,service-0,Message 100,200
2026-02-05 10:16:50,INFO,service-1,Message 101,201
2026-02-05 10:17:00,INFO,service-2,Message 102,202
2026-02-05 10:17:10,INFO,service-3,Message 103,203
2026-02-05 10:17:20,INFO,service-4,Message 104,204
2026-02-05 10:17:30,INFO,service-0,Message 105,205
2026-02-05 10:17:40,INFO,service-1,Message 106,206
2026-02-05 10:17:50,INFO,service-2,Message 107,207
2026-02-05 10:18:00,INFO,service-3,Message 108,208
2026-02-05 10:18:10,INFO,service-4,Message 109,209
2026-02-05 10:18:20,WARN,service-0,Message 110,210
2026-02-05 10:18:30,INFO,service-1,Message 111,211
2026-02-05 10:18:40,INFO,service-2,Message 112,212
2026-02-05 10:18:50,INFO,service-3,Message 113,213
2026-02-05 10:19:00,INFO,service-4,Message 114,214
2026-02-05 10:19:10,INFO,service-0,Message 115,215
2026-02-05 10:19:20,INFO,service-1,Message 116,216
2026-02-05 10:19:30,INFO,service-2,Message 117,217
2026-02-05 10:19:40,INFO,service-3,Message 118,218
2026-02-05 10:19:50,INFO,service-4,Message 119,219
2026-02-05 10:20:00,WARN,service-0,Message 120,220
2026-02-05 10:20:10,INFO,service-1,Message 121,221
2026-02-05 10:20:20,INFO,service-2,Message 122,222
2026-02-05 10:20:30,INFO,service-3,Message 123,223
2026-02-05 10:20:40,INFO,service-4,Message 124,224
2026-02-05 10:20:50,INFO,service-0,Message 125,225
2026-02-05 10:21:00,INFO,service-1,Message 126,226
2026-02-05 10:21:10,INFO,service-2,Message 127,227
2026-02-05 10:21:20,INFO,service-3,Message 128,228
2026-02-05 10:21:30,INFO,service-4,Message 129,229
2026-02-05 10:21:40,WARN,service-0,Message 130,230
2026-02-05 10:21:50,INFO,service-1,Message 131,231
2026-02-05 10:22:00,INFO,service-2,Message 132,232
2026-02-05 10:22:10,INFO,service-3,Message 133,233
2026-02-05 10:22:20,INFO,service-4,Message 134,234
2026-02-05 10:22:30,INFO,service-0,Message 135,235
2026-02-05 10:22:40,INFO,service-1,Message 136,236
2026-02-05 10:22:50,INFO,service-2,Message 137,237
2026-02-05 10:23:00,INFO,service-3,Message 138,238
2026-02-05 10:23:10,INFO,service-4,Message 139,239
2026-02-05 10:23:20,WARN,service-0,Message 140,240
2026-02-05 10:23:30,INFO,service-1,Message 141,241
2026-02-05 10:23:40,INFO,service-2,Message 142,242
2026-02-05 10:23:50,INFO,service-3,Message 143,243
2026-02-05 10:24:00,INFO,service-4,Message 144,244
2026-02-05 10:24:10,INFO,service-0,Message 145,245
2026-02-05 10:24:20,INFO,service-1,Message 146,246
2026-02-05 10:24:30,INFO,service-2,Message 147,247
2026-02-05 10:24:40,INFO,service-3,Message 148,248
2026-02-05 10:24:50,INFO,service-4,Message 149,249
2026-02-05 10:25:00,ERROR,service-0,Message 150,250
2026-02-05 10:25:10,INFO,service-1,Message 151,251
2026-02-05 10:25:20,INFO,service-2,Message 152,252
2026-02-05 10:25:30,INFO,service-3,Message 153,253
2026-02-05 10:25:40,INFO,service-4,Message 154,254
2026-02-05 10:25:50,INFO,service-0,Message 155,255
2026-02-05 10:26:00,INFO,service-1,Message 156,256
2026-02-05 10:26:10,INFO,service-2,Message 157,257
2026-02-05 10:26:20,INFO,service-3,Message 158,258
2026-02-05 10:26:30,INFO,service-4,Message 159,259
2026-02-05 10:26:40,WARN,service-0,Message 160,260
2026-02-05 10:26:50,INFO,service-1,Message 161,261
2026-02-05 10:27:00,INFO,service-2,Message 162,262
2026-02-05 10:27:10,INFO,service-3,Message 163,263
2026-02-05 10:27:20,INFO,service-4,Message 164,264
2026-02-05 10:27:30,INFO,service-0,Message 165,265
2026-02-05 10:27:40,INFO,service-1,Message 166,266
2026-02-05 10:27:50,INFO,service-2,Message 167,267
2026-02-05 10:28:00,INFO,service-3,Message 168,268
2026-02-05 10:28:10,INFO,service-4,Message 169,269
2026-02-05 10:28:20,WARN,service-0,Message 170,270
2026-02-05 10:28:30,INFO,service-1,Message 171,271
2026-02-05 10:28:40,INFO,service-2,Message 172,272
2026-02-05 10:28:50,INFO,service-3,Message 173,273
2026-02-05 10:29:00,INFO,service-4,Message 174,274
2026-02-05 10:29:10,INFO,service-0,Message 175,275
2026-02-05 10:29:20,INFO,service-1,Message 176,276
2026-02-05 10:29:30,INFO,service-2,Message 177,277
2026-02-05 10:29:40,INFO,service-3,Message 178,278
2026-02-05 10:29:50,INFO,service-4,Message 179,279
2026-02-05 10:30:00,WARN,service-0,Message 180,280
2026-02-05 10:30:10,INFO,service-1,Message 181,281
2026-02-05 10:30:20,INFO,service-2,Message 182,282
2026-02-05 10:30:30,INFO,service-3,Message 183,283
2026-02-05 10:30:40,INFO,service-4,Message 184,284
2026-02-05 10:30:50,INFO,service-0,Message 185,285
2026-02-05 10:31:00,INFO,service-1,Message 186,286
2026-02-05 10:31:10,INFO,service-2,Message 187,287
2026-02-05 10:31:20,INFO,service-3,Message 188,288
2026-02-05 10:31:30,INFO,service-4,Message 189,289
2026-02-05 10:31:40,WARN,service-0,Message 190,290
2026-02-05 10:31:50,INFO,service-1,Message 191,291
2026-02-05 10:32:00,INFO,service-2,Message 192,292
2026-02-05 10:32:10,INFO,service-3,Message 193,293
2026-02-05 10:32:20,INFO,service-4,Message 194,294
2026-02-05 10:32:30,INFO,service-0,Message 195,295
2026-02-05 10:32:40,INFO,service-1,Message 196,296
2026-02-05 10:32:50,INFO,service-2,Message 197,297
2026-02-05 10:33:00,INFO,service-3,Message 198,298
2026-02-05 10:33:10,INFO,service-4,Message 199,299
2026-02-05 10:33:20,ERROR,service-0,Message 200,100
2026-02-05 10:33:30,INFO,service-1,Message 201,101
2026-02-05 10:33:40,INFO,service-2,Message 202,102
2026-02-05 10:33:50,INFO,service-3,Message 203,103
2026-02-05 10:34:00,INFO,service-4,Message 204,104
2026-02-05 10:34:10,INFO,service-0,Message 205,105
2026-02-05 10:34:20,INFO,service-1,Message 206,106
2026-02-05 10:34:30,INFO,service-2,Message 207,107
2026-02-05 10:34:40,INFO,service-3,Message 208,108
2026-02-05 10:34:50,INFO,service-4,Message 209,109
2026-02-05 10:35:00,WARN,service-0,Message 210,110
2026-02-05 10:35:10,INFO,service-1,Message 211,111
2026-02-05 10:35:20,INFO,service-2,Message 212,112
2026-02-05 10:35:30,INFO,service-3,Message 213,113
2026-02-05 10:35:40,INFO,service-4,Message 214,114
2026-02-05 10:35:50,INFO,service-0,Message 215,115
2026-02-05 10:36:00,INFO,service-1,Message 216,116
2026-02-05 10:36:10,INFO,service-2,Message 217,117
2026-02-05 10:36:20,INFO,service-3,Message 218,118
2026-02-05 10:36:30,INFO,service-4,Message 219,119
2026-02-05 10:36:40,WARN,service-0,Message 220,120
2026-02-05 10:36:50,INFO,service-1,Message 221,121
2026-02-05 10:37:00,INFO,service-2,Message 222,122
2026-02-05 10:37:10,INFO,service-3,Message 223,123
2026-02-05 10:37:20,INFO,service-4,Message 224,124
2026-02-05 10:37:30,INFO,service-0,Message 225,125
2026-02-05 10:37:40,INFO,service-1,Message 226,126
2026-02-05 10:37:50,INFO,service-2,Message 227,127
2026-02-05 10:38:00,INFO,service-3,Message 228,128
2026-02-05 10:38:10,INFO,service-4,Message 229,129
2026-02-05 10:38:20,WARN,service-0,Message 230,130
2026-02-05 10:38:30,INFO,service-1,Message 231,131
2026-02-05 10:38:40,INFO,service-2,Message 232,132
2026-02-05 10:38:50,INFO,service-3,Message 233,133
2026-02-05 10:39:00,INFO,service-4,Message 234,134
2026-02-05 10:39:10,INFO,service-0,Message 235,135
2026-02-05 10:39:20,INFO,service-1,Message 236,136
2026-02-05 10:39:30,INFO,service-2,Message 237,137
2026-02-05 10:39:40,INFO,service-3,Message 238,138
2026-02-05 10:39:50,INFO,service-4,Message 239,139
2026-02-05 10:40:00,WARN,service-0,Message 240,140
2026-02-05 10:40:10,INFO,service-1,Message 241,141
2026-02-05 10:40:20,INFO,service-2,Message 242,142
2026-02-05 10:40:30,INFO,service-3,Message 243,143
2026-02-05 10:40:40,INFO,service-4,Message 244,144
2026-02-05 10:40:50,INFO,service-0,Message 245,145
2026-02-05 10:41:00,INFO,service-1,Message 246,146
2026-02-05 10:41:10,INFO,service-2,Message 247,147
2026-02-05 10:41:20,INFO,service-3,Message 248,148
2026-02-05 10:41:30,INFO,service-4,Message 249,149
2026-02-05 10:41:40,ERROR,service-0,Message 250,150
2026-02-05 10:41:50,INFO,service-1,Message 251,151
2026-02-05 10:42:00,INFO,service-2,Message 252,152
2026-02-05 10:42:10,INFO,service-3,Message 253,153
2026-02-05 10:42:20,INFO,service-4,Message 254,154
2026-02-05 10:42:30,INFO,service-0,Message 255,155
2026-02-05 10:42:40,INFO,service-1,Message 256,156
2026-02-05 10:42:50,INFO,service-2,Message 257,157
2026-02-05 10:43:00,INFO,service-3,Message 258,158
2026-02-05 10:43:10,INFO,service-4,Message 259,159
2026-02-05 10:43:20,WARN,service-0,Message 260,160
2026-02-05 10:43:30,INFO,service-1,Message 261,161
2026-02-05 10:43:40,INFO,service-2,Message 262,162
2026-02-05 10:43:50,INFO,service-3,Message 263,163
2026-02-05 10:44:00,INFO,service-4,Message 264,164
2026-02-05 10:44:10,INFO,service-0,Message 265,165
2026-02-05 10:44:20,INFO,service-1,Message 266,166
2026-02-05 10:44:30,INFO,service-2,Message 267,167
2026-02-05 10:44:40,INFO,service-3,Message 268,168
2026-02-05 10:44:50,INFO,service-4,Message 269,169
2026-02-05 10:45:00,WARN,service-0,Message 270,170
2026-02-05 10:45:10,INFO,service-1,Message 271,171
2026-02-05 10:45:20,INFO,service-2,Message 272,172
2026-02-05 10:45:30,INFO,service-3,Message 273,173
2026-02-05 10:45:40,INFO,service-4,Message 274,174
2026-02-05 10:45:50,INFO,service-0,Message 275,175
2026-02-05 10:46:00,INFO,service-1,Message 276,176
2026-02-05 10:46:10,INFO,service-2,Message 277,177
2026-02-05 10:46:20,INFO,service-3,Message 278,178
2026-02-05 10:46:30,INFO,service-4,Message 279,179
2026-02-05 10:46:40,WARN,service-0,Message 280,180
2026-02-05 10:46:50,INFO,service-1,Message 281,181
2026-02-05 10:47:00,INFO,service-2,Message 282,182
2026-02-05 10:47:10,INFO,service-3,Message 283,183
2026-02-05 10:47:20,INFO,service-4,Message 284,184
2026-02-05 10:47:30,INFO,service-0,Message 285,185
2026-02-05 10:47:40,INFO,service-1,Message 286,186
2026-02-05 10:47:50,INFO,service-2,Message 287,187
2026-02-05 10:48:00,INFO,service-3,Message 288,188
2026-02-05 10:48:10,INFO,service-4,Message 289,189
2026-02-05 10:48:20,WARN,service-0,Message 290,190
2026-02-05 10:48:30,INFO,service-1,Message 291,191
2026-02-05 10:48:40,INFO,service-2,Message 292,192
2026-02-05 10:48:50,INFO,service-3,Message 293,193
2026-02-05 10:49:00,INFO,service-4,Message 294,194
2026-02-05 10:49:10,INFO,service-0,Message 295,195
2026-02-05 10:49:20,INFO,service-1,Message 296,196
2026-02-05 10:49:30,INFO,service-2,Message 297,197
2026-02-05 10:49:40,INFO,service-3,Message 298,198
2026-02-05 10:49:50,INFO,service-4,Message 299,199
2026-02-05 10:50:00,ERROR,service-0,Message 300,200
2026-02-05 10:50:10,INFO,service-1,Message 301,201
2026-02-05 10:50:20,INFO,service-2,Message 302,202
2026-02-05 10:50:30,INFO,service-3,Message 303,203
2026-02-05 10:50:40,INFO,service-4,Message 304,204
2026-02-05 10:50:50,INFO,service-0,Message 305,205
2026-02-05 10:51:00,INFO,service-1,Message 306,206
2026-02-05 10:51:10,INFO,service-2,Message 307,207
2026-02-05 10:51:20,INFO,service-3,Message 308,208
2026-02-05 10:51:30,INFO,service-4,Message 309,209
2026-02-05 10:51:40,WARN,service-0,Message 310,210
2026-02-05 10:51:50,INFO,service-1,Message 311,211
2026-02-05 10:52:00,INFO,service-2,Message 312,212
2026-02-05 10:52:10,INFO,service-3,Message 313,213
2026-02-05 10:52:20,INFO,service-4,Message 314,214
2026-02-05 10:52:30,INFO,service-0,Message 315,215
2026-02-05 10:52:40,INFO,service-1,Message 316,216
2026-02-05 10:52:50,INFO,service-2,Message 317,217
2026-02-05 10:53:00,INFO,service-3,Message 318,218
2026-02-05 10:53:10,INFO,service-4,Message 319,219
2026-02-05 10:53:20,WARN,service-0,Message 320,220
2026-02-05 10:53:30,INFO,service-1,Message 321,221
2026-02-05 10:53:40,INFO,service-2,Message 322,222
2026-02-05 10:53:50,INFO,service-3,Message 323,223
2026-02-05 10:54:00,INFO,service-4,Message 324,224
2026-02-05 10:54:10,INFO,service-0,Message 325,225
2026-02-05 10:54:20,INFO,service-1,Message 326,226
2026-02-05 10:54:30,INFO,service-2,Message 327,227
2026-02-05 10:54:40,INFO,service-3,Message 328,228
2026-02-05 10:54:50,INFO,service-4,Message 329,229
2026-02-05 10:55:00,WARN,service-0,Message 330,230
2026-02-05 10:55:10,INFO,service-1,Message 331,231
2026-02-05 10:55:20,INFO,service-2,Message 332,232
2026-02-05 10:55:30,INFO,service-3,Message 333,233
2026-02-05 10:55:40,INFO,service-4,Message 334,234
2026-02-05 10:55:50,INFO,service-0,Message 335,235
2026-02-05 10:56:00,INFO,service-1,Message 336,236
2026-02-05 10:56:10,INFO,service-2,Message 337,237
2026-02-05 10:56:20,INFO,service-3,Message 338,238
2026-02-05 10:56:30,INFO,service-4,Message 339,239
2026-02-05 10:56:40,WARN,service-0,Message 340,240
2026-02-05 10:56:50,INFO,service-1,Message 341,241
2026-02-05 10:57:00,INFO,service-2,Message 342,242
2026-02-05 10:57:10,INFO,service-3,Message 343,243
2026-02-05 10:57:20,INFO,service-4,Message 344,244
2026-02-05 10:57:30,INFO,service-0,Message 345,245
2026-02-05 10:57:40,INFO,service-1,Message 346,246
2026-02-05 10:57:50,INFO,service-2,Message 347,247
2026-02-05 10:58:00,INFO,service-3,Message 348,248
2026-02-05 10:58:10,INFO,service-4,Message 349,249
2026-02-05 10:58:20,ERROR,service-0,Message 350,250
2026-02-05 10:58:30,INFO,service-1,Message 351,251
2026-02-05 10:58:40,INFO,service-2,Message 352,252
2026-02-05 10:58:50,INFO,service-3,Message 353,253
2026-02-05 10:59:00,INFO,service-4,Message 354,254
2026-02-05 10:59:10,INFO,service-0,Message 355,255
2026-02-05 10:59:20,INFO,service-1,Message 356,256
2026-02-05 10:59:30,INFO,service-2,Message 357,257
2026-02-05 10:59:40,INFO,service-3,Message 358,258
2026-02-05 10:59:50,INFO,service-4,Message 359,259
2026-02-05 11:00:00,WARN,service-0,Message 360,260
2026-02-05 11:00:10,INFO,service-1,Message 361,261
2026-02-05 11:00:20,INFO,service-2,Message 362,262
2026-02-05 11:00:30,INFO,service-3,Message 363,263
2026-02-05 11:00:40,INFO,service-4,Message 364,264
2026-02-05 11:00:50,INFO,service-0,Message 365,265
2026-02-05 11:01:00,INFO,service-1,Message 366,266
2026-02-05 11:01:10,INFO,service-2,Message 367,267
2026-02-05 11:01:20,INFO,service-3,Message 368,268
2026-02-05 11:01:30,INFO,service-4,Message 369,269
2026-02-05 11:01:40,WARN,service-0,Message 370,270
2026-02-05 11:01:50,INFO,service-1,Message 371,271
2026-02-05 11:02:00,INFO,service-2,Message 372,272
2026-02-05 11:02:10,INFO,service-3,Message 373,273
2026-02-05 11:02:20,INFO,service-4,Message 374,274
2026-02-05 11:02:30,INFO,service-0,Message 375,275
2026-02-05 11:02:40,INFO,service-1,Message 376,276
2026-02-05 11:02:50,INFO,service-2,Message 377,277
2026-02-05 11:03:00,INFO,service-3,Message 378,278
2026-02-05 11:03:10,INFO,service-4,Message 379,279
2026-02-05 11:03:20,WARN,service-0,Message 380,280
2026-02-05 11:03:30,INFO,service-1,Message 381,281
2026-02-05 11:03:40,INFO,service-2,Message 382,282
2026-02-05 11:03:50,INFO,service-3,Message 383,283
2026-02-05 11:04:00,INFO,service-4,Message 384,284
2026-02-05 11:04:10,INFO,service-0,Message 385,285
2026-02-05 11:04:20,INFO,service-1,Message 386,286
2026-02-05 11:04:30,INFO,service-2,Message 387,287
2026-02-05 11:04:40,INFO,service-3,Message 388,288
2026-02-05 11:04:50,INFO,service-4,Message 389,289
2026-02-05 11:05:00,WARN,service-0,Message 390,290
2026-02-05 11:05:10,INFO,service-1,Message 391,291
2026-02-05 11:05:20,INFO,service-2,Message 392,292
2026-02-05 11:05:30,INFO,service-3,Message 393,293
2026-02-05 11:05:40,INFO,service-4,Message 394,294
2026-02-05 11:05:50,INFO,service-0,Message 395,295
2026-02-05 11:06:00,INFO,service-1,Message 396,296
2026-02-05 11:06:10,INFO,service-2,Message 397,297
2026-02-05 11:06:20,INFO,service-3,Message 398,298
2026-02-05 11:06:30,INFO,service-4,Message 399,299
2026-02-05 11:06:40,ERROR,service-0,Message 400,100
2026-02-05 11:06:50,INFO,service-1,Message 401,101
2026-02-05 11:07:00,INFO,service-2,Message 402,102
2026-02-05 11:07:10,INFO,service-3,Message 403,103
2026-02-05 11:07:20,INFO,service-4,Message 404,104
2026-02-05 11:07:30,INFO,service-0,Message 405,105
2026-02-05 11:07:40,INFO,service-1,Message 406,106
2026-02-05 11:07:50,INFO,service-2,Message 407,107
2026-02-05 11:08:00,INFO,service-3,Message 408,108
2026-02-05 11:08:10,INFO,service-4,Message 409,109
2026-02-05 11:08:20,WARN,service-0,Message 410,110
2026-02-05 11:08:30,INFO,service-1,Message 411,111
2026-02-05 11:08:40,INFO,service-2,Message 412,112
2026-02-05 11:08:50,INFO,service-3,Message 413,113
2026-02-05 11:09:00,INFO,service-4,Message 414,114
2026-02-05 11:09:10,INFO,service-0,Message 415,115
2026-02-05 11:09:20,INFO,service-1,Message 416,116
2026-02-05 11:09:30,INFO,service-2,Message 417,117
2026-02-05 11:09:40,INFO,service-3,Message 418,118
2026-02-05 11:09:50,INFO,service-4,Message 419,119
2026-02-05 11:10:00,WARN,service-0,Message 420,120
2026-02-05 11:10:10,INFO,service-1,Message 421,121
2026-02-05 11:10:20,INFO,service-2,Message 422,122
2026-02-05 11:10:30,INFO,service-3,Message 423,123
2026-02-05 11:10:40,INFO,service-4,Message 424,124
2026-02-05 11:10:50,INFO,service-0,Message 425,125
2026-02-05 11:11:00,INFO,service-1,Message 426,126
2026-02-05 11:11:10,INFO,service-2,Message 427,127
2026-02-05 11:11:20,INFO,service-3,Message 428,128
2026-02-05 11:11:30,INFO,service-4,Message 429,129
2026-02-05 11:11:40,WARN,service-0,Message 430,130
2026-02-05 11:11:50,INFO,service-1,Message 431,131
2026-02-05 11:12:00,INFO,service-2,Message 432,132
2026-02-05 11:12:10,INFO,service-3,Message 433,133
2026-02-05 11:12:20,INFO,service-4,Message 434,134
2026-02-05 11:12:30,INFO,service-0,Message 435,135
2026-02-05 11:12:40,INFO,service-1,Message 436,136
2026-02-05 11:12:50,INFO,service-2,Message 437,137
2026-02-05 11:13:00,INFO,service-3,Message 438,138
2026-02-05 11:13:10,INFO,service-4,Message 439,139
2026-02-05 11:13:20,WARN,service-0,Message 440,140
2026-02-05 11:13:30,INFO,service-1,Message 441,141
2026-02-05 11:13:40,INFO,service-2,Message 442,142
2026-02-05 11:13:50,INFO,service-3,Message 443,143
2026-02-05 11:14:00,INFO,service-4,Message 444,144
2026-02-05 11:14:10,INFO,service-0,Message 445,145
2026-02-05 11:14:20,INFO,service-1,Message 446,146
2026-02-05 11:14:30,INFO,service-2,Message 447,147
2026-02-05 11:14:40,INFO,service-3,Message 448,148
2026-02-05 11:14:50,INFO,service-4,Message 449,149
2026-02-05 11:15:00,ERROR,service-0,Message 450,150
2026-02-05 11:15:10,INFO,service-1,Message 451,151
2026-02-05 11:15:20,INFO,service-2,Message 452,152
2026-02-05 11:15:30,INFO,service-3,Message 453,153
2026-02-05 11:15:40,INFO,service-4,Message 454,154
2026-02-05 11:15:50,INFO,service-0,Message 455,155
2026-02-05 11:16:00,INFO,service-1,Message 456,156
2026-02-05 11:16:10,INFO,service-2,Message 457,157
2026-02-05 11:16:20,INFO,service-3,Message 458,158
2026-02-05 11:16:30,INFO,service-4,Message 459,159
2026-02-05 11:16:40,WARN,service-0,Message 460,160
2026-02-05 11:16:50,INFO,service-1,Message 461,161
2026-02-05 11:17:00,INFO,service-2,Message 462,162
2026-02-05 11:17:10,INFO,service-3,Message 463,163
2026-02-05 11:17:20,INFO,service-4,Message 464,164
2026-02-05 11:17:30,INFO,service-0,Message 465,165
2026-02-05 11:17:40,INFO,service-1,Message 466,166
2026-02-05 11:17:50,INFO,service-2,Message 467,167
2026-02-05 11:18:00,INFO,service-3,Message 468,168
2026-02-05 11:18:10,INFO,service-4,Message 469,169
2026-02-05 11:18:20,WARN,service-0,Message 470,170
2026-02-05 11:18:30,INFO,service-1,Message 471,171
2026-02-05 11:18:40,INFO,service-2,Message 472,172
2026-02-05 11:18:50,INFO,service-3,Message 473,173
2026-02-05 11:19:00,INFO,service-4,Message 474,174
2026-02-05 11:19:10,INFO,service-0,Message 475,175
2026-02-05 11:19:20,INFO,service-1,Message 476,176
2026-02-05 11:19:30,INFO,service-2,Message 477,177
2026-02-05 11:19:40,INFO,service-3,Message 478,178
2026-02-05 11:19:50,INFO,service-4,Message 479,179
2026-02-05 11:20:00,WARN,service-0,Message 480,180
2026-02-05 11:20:10,INFO,service-1,Message 481,181
2026-02-05 11:20:20,INFO,service-2,Message 482,182
2026-02-05 11:20:30,INFO,service-3,Message 483,183
2026-02-05 11:20:40,INFO,service-4,Message 484,184
2026-02-05 11:20:50,INFO,service-0,Message 485,185
2026-02-05 11:21:00,INFO,service-1,Message 486,186
2026-02-05 11:21:10,INFO,service-2,Message 487,187
2026-02-05 11:21:20,INFO,service-3,Message 488,188
2026-02-05 11:21:30,INFO,service-4,Message 489,189
2026-02-05 11:21:40,WARN,service-0,Message 490,190
2026-02-05 11:21:50,INFO,service-1,Message 491,191
2026-02-05 11:22:00,INFO,service-2,Message 492,192
2026-02-05 11:22:10,INFO,service-3,Message 493,193
2026-02-05 11:22:20,INFO,service-4,Message 494,194
2026-02-05 11:22:30,INFO,service-0,Message 495,195
2026-02-05 11:22:40,INFO,service-1,Message 496,196
2026-02-05 11:22:50,INFO,service-2,Message 497,197
2026-02-05 11:23:00,INFO,service-3,Message 498,198
2026-02-05 11:23:10,INFO,service-4,Message 499,199
2026-02-05 11:23:20,ERROR,service-0,Message 500,200
2026-02-05 11:23:30,INFO,service-1,Message 501,201
2026-02-05 11:23:40,INFO,service-2,Message 502,202
2026-02-05 11:23:50,INFO,service-3,Message 503,203
2026-02-05 11:24:00,INFO,service-4,Message 504,204
2026-02-05 11:24:10,INFO,service-0,Message 505,205
2026-02-05 11:24:20,INFO,service-1,Message 506,206
2026-02-05 11:24:30,INFO,service-2,Message 507,207
2026-02-05 11:24:40,INFO,service-3,Message 508,208
2026-02-05 11:24:50,INFO,service-4,Message 509,209
2026-02-05 11:25:00,WARN,service-0,Message 510,210
2026-02-05 11:25:10,INFO,service-1,Message 511,211
2026-02-05 11:25:20,INFO,service-2,Message 512,212
2026-02-05 11:25:30,INFO,service-3,Message 513,213
2026-02-05 11:25:40,INFO,service-4,Message 514,214
2026-02-05 11:25:50,INFO,service-0,Message 515,215
2026-02-05 11:26:00,INFO,service-1,Message 516,216
2026-02-05 11:26:10,INFO,service-2,Message 517,217
2026-02-05 11:26:20,INFO,service-3,Message 518,218
2026-02-05 11:26:30,INFO,service-4,Message 519,219
2026-02-05 11:26:40,WARN,service-0,Message 520,220
2026-02-05 11:26:50,INFO,service-1,Message 521,221
2026-02-05 11:27:00,INFO,service-2,Message 522,222
2026-02-05 11:27:10,INFO,service-3,Message 523,223
2026-02-05 11:27:20,INFO,service-4,Message 524,224
2026-02-05 11:27:30,INFO,service-0,Message 525,225
2026-02-05 11:27:40,INFO,service-1,Message 526,226
2026-02-05 11:27:50,INFO,service-2,Message 527,227
2026-02-05 11:28:00,INFO,service-3,Message 528,228
2026-02-05 11:28:10,INFO,service-4,Message 529,229
2026-02-05 11:28:20,WARN,service-0,Message 530,230
2026-02-05 11:28:30,INFO,service-1,Message 531,231
2026-02-05 11:28:40,INFO,service-2,Message 532,232
2026-02-05 11:28:50,INFO,service-3,Message 533,233
2026-02-05 11:29:00,INFO,service-4,Message 534,234
2026-02-05 11:29:10,INFO,service-0,Message 535,235
2026-02-05 11:29:20,INFO,service-1,Message 536,236
2026-02-05 11:29:30,INFO,service-2,Message 537,237
2026-02-05 11:29:40,INFO,service-3,Message 538,238
2026-02-05 11:29:50,INFO,service-4,Message 539,239
2026-02-05 11:30:00,WARN,service-0,Message 540,240
2026-02-05 11:30:10,INFO,service-1,Message 541,241
2026-02-05 11:30:20,INFO,service-2,Message 542,242
2026-02-05 11:30:30,INFO,service-3,Message 543,243
2026-02-05 11:30:40,INFO,service-4,Message 544,244
2026-02-05 11:30:50,INFO,service-0,Message 545,245
2026-02-05 11:31:00,INFO,service-1,Message 546,246
2026-02-05 11:31:10,INFO,service-2,Message 547,247
2026-02-05 11:31:20,INFO,service-3,Message 548,248
2026-02-05 11:31:30,INFO,service-4,Message 549,249
2026-02-05 11:31:40,ERROR,service-0,Message 550,250
2026-02-05 11:31:50,INFO,service-1,Message 551,251
2026-02-05 11:32:00,INFO,service-2,Message 552,252
2026-02-05 11:32:10,INFO,service-3,Message 553,253
2026-02-05 11:32:20,INFO,service-4,Message 554,254
2026-02-05 11:32:30,INFO,service-0,Message 555,255
2026-02-05 11:32:40,INFO,service-1,Message 556,256
2026-02-05 11:32:50,INFO,service-2,Message 557,257
2026-02-05 11:33:00,INFO,service-3,Message 558,258
2026-02-05 11:33:10,INFO,service-4,Message 559,259
2026-02-05 11:33:20,WARN,service-0,Message 560,260
2026-02-05 11:33:30,INFO,service-1,Message 561,261
2026-02-05 11:33:40,INFO,service-2,Message 562,262
2026-02-05 11:33:50,INFO,service-3,Message 563,263
2026-02-05 11:34:00,INFO,service-4,Message 564,264
2026-02-05 11:34:10,INFO,service-0,Message 565,265
2026-02-05 11:34:20,INFO,service-1,Message 566,266
2026-02-05 11:34:30,INFO,service-2,Message 567,267
2026-02-05 11:34:40,INFO,service-3,Message 568,268
2026-02-05 11:34:50,INFO,service-4,Message 569,269
2026-02-05 11:35:00,WARN,service-0,Message 570,270
2026-02-05 11:35:10,INFO,service-1,Message 571,271
2026-02-05 11:35:20,INFO,service-2,Message 572,272
2026-02-05 11:35:30,INFO,service-3,Message 573,273
2026-02-05 11:35:40,INFO,service-4,Message 574,274
2026-02-05 11:35:50,INFO,service-0,Message 575,275
2026-02-05 11:36:00,INFO,service-1,Message 576,276
2026-02-05 11:36:10,INFO,service-2,Message 577,277
2026-02-05 11:36:20,INFO,service-3,Message 578,278
2026-02-05 11:36:30,INFO,service-4,Message 579,279
2026-02-05 11:36:40,WARN,service-0,Message 580,280
2026-02-05 11:36:50,INFO,service-1,Message 581,281
2026-02-05 11:37:00,INFO,service-2,Message 582,282
2026-02-05 11:37:10,INFO,service-3,Message 583,283
2026-02-05 11:37:20,INFO,service-4,Message 584,284
2026-02-05 11:37:30,INFO,service-0,Message 585,285
2026-02-05 11:37:40,INFO,service-1,Message 586,286
2026-02-05 11:37:50,INFO,service-2,Message 587,287
2026-02-05 11:38:00,INFO,service-3,Message 588,288
2026-02-05 11:38:10,INFO,service-4,Message 589,289
2026-02-05 11:38:20,WARN,service-0,Message 590,290
2026-02-05 11:38:30,INFO,service-1,Message 591,291
2026-02-05 11:38:40,INFO,service-2,Message 592,292
2026-02-05 11:38:50,INFO,service-3,Message 593,293
2026-02-05 11:39:00,INFO,service-4,Message 594,294
2026-02-05 11:39:10,INFO,service-0,Message 595,295
2026-02-05 11:39:20,INFO,service-1,Message 596,296
2026-02-05 11:39:30,INFO,service-2,Message 597,297
2026-02-05 11:39:40,INFO,service-3,Message 598,298
2026-02-05 11:39:50,INFO,service-4,Message 599,299
2026-02-05 11:40:00,ERROR,service-0,Message 600,100
2026-02-05 11:40:10,INFO,service-1,Message 601,101
2026-02-05 11:40:20,INFO,service-2,Message 602,102
2026-02-05 11:40:30,INFO,service-3,Message 603,103
2026-02-05 11:40:40,INFO,service-4,Message 604,104
2026-02-05 11:40:50,INFO,service-0,Message 605,105
2026-02-05 11:41:00,INFO,service-1,Message 606,106
2026-02-05 11:41:10,INFO,service-2,Message 607,107
2026-02-05 11:41:20,INFO,service-3,Message 608,108
2026-02-05 11:41:30,INFO,service-4,Message 609,109
2026-02-05 11:41:40,WARN,service-0,Message 610,110
2026-02-05 11:41:50,INFO,service-1,Message 611,111
2026-02-05 11:42:00,INFO,service-2,Message 612,112
2026-02-05 11:42:10,INFO,service-3,Message 613,113
2026-02-05 11:42:20,INFO,service-4,Message 614,114
2026-02-05 11:42:30,INFO,service-0,Message 615,115
2026-02-05 11:42:40,INFO,service-1,Message 616,116
2026-02-05 11:42:50,INFO,service-2,Message 617,117
2026-02-05 11:43:00,INFO,service-3,Message 618,118
2026-02-05 11:43:10,INFO,service-4,Message 619,119
2026-02-05 11:43:20,WARN,service-0,Message 620,120
2026-02-05 11:43:30,INFO,service-1,Message 621,121
2026-02-05 11:43:40,INFO,service-2,Message 622,122
2026-02-05 11:43:50,INFO,service-3,Message 623,123
2026-02-05 11:44:00,INFO,service-4,Message 624,124
2026-02-05 11:44:10,INFO,service-0,Message 625,125
2026-02-05 11:44:20,INFO,service-1,Message 626,126
2026-02-05 11:44:30,INFO,service-2,Message 627,127
2026-02-05 11:44:40,INFO,service-3,Message 628,128
2026-02-05 11:44:50,INFO,service-4,Message 629,129
2026-02-05 11:45:00,WARN,service-0,Message 630,130
2026-02-05 11:45:10,INFO,service-1,Message 631,131
2026-02-05 11:45:20,INFO,service-2,Message 632,132
2026-02-05 11:45:30,INFO,service-3,Message 633,133
2026-02-05 11:45:40,INFO,service-4,Message 634,134
2026-02-05 11:45:50,INFO,service-0,Message 635,135
2026-02-05 11:46:00,INFO,service-1,Message 636,136
2026-02-05 11:46:10,INFO,service-2,Message 637,137
2026-02-05 11:46:20,INFO,service-3,Message 638,138
2026-02-05 11:46:30,INFO,service-4,Message 639,139
2026-02-05 11:46:40,WARN,service-0,Message 640,140
2026-02-05 11:46:50,INFO,service-1,Message 641,141
2026-02-05 11:47:00,INFO,service-2,Message 642,142
2026-02-05 11:47:10,INFO,service-3,Message 643,143
2026-02-05 11:47:20,INFO,service-4,Message 644,144
2026-02-05 11:47:30,INFO,service-0,Message 645,145
2026-02-05 11:47:40,INFO,service-1,Message 646,146
2026-02-05 11:47:50,INFO,service-2,Message 647,147
2026-02-05 11:48:00,INFO,service-3,Message 648,148
2026-02-05 11:48:10,INFO,service-4,Message 649,149
2026-02-05 11:48:20,ERROR,service-0,Message 650,150
2026-02-05 11:48:30,INFO,service-1,Message 651,151
2026-02-05 11:48:40,INFO,service-2,Message 652,152
2026-02-05 11:48:50,INFO,service-3,Message 653,153
2026-02-05 11:49:00,INFO,service-4,Message 654,154
2026-02-05 11:49:10,INFO,service-0,Message 655,155
2026-02-05 11:49:20,INFO,service-1,Message 656,156
2026-02-05 11:49:30,INFO,service-2,Message 657,157
2026-02-05 11:49:40,INFO,service-3,Message 658,158
2026-02-05 11:49:50,INFO,service-4,Message 659,159
2026-02-05 11:50:00,WARN,service-0,Message 660,160
2026-02-05 11:50:10,INFO,service-1,Message 661,161
2026-02-05 11:50:20,INFO,service-2,Message 662,162
2026-02-05 11:50:30,INFO,service-3,Message 663,163
2026-02-05 11:50:40,INFO,service-4,Message 664,164
2026-02-05 11:50:50,INFO,service-0,Message 665,165
2026-02-05 11:51:00,INFO,service-1,Message 666,166
2026-02-05 11:51:10,INFO,service-2,Message 667,167
2026-02-05 11:51:20,INFO,service-3,Message 668,168
2026-02-05 11:51:30,INFO,service-4,Message 669,169
2026-02-05 11:51:40,WARN,service-0,Message 670,170
2026-02-05 11:51:50,INFO,service-1,Message 671,171
2026-02-05 11:52:00,INFO,service-2,Message 672,172
2026-02-05 11:52:10,INFO,service-3,Message 673,173
2026-02-05 11:52:20,INFO,service-4,Message 674,174
2026-02-05 11:52:30,INFO,service-0,Message 675,175
2026-02-05 11:52:40,INFO,service-1,Message 676,176
2026-02-05 11:52:50,INFO,service-2,Message 677,177
2026-02-05 11:53:00,INFO,service-3,Message 678,178
2026-02-05 11:53:10,INFO,service-4,Message 679,179
2026-02-05 11:53:20,WARN,service-0,Message 680,180
2026-02-05 11:53:30,INFO,service-1,Message 681,181
2026-02-05 11:53:40,INFO,service-2,Message 682,182
2026-02-05 11:53:50,INFO,service-3,Message 683,183
2026-02-05 11:54:00,INFO,service-4,Message 684,184
2026-02-05 11:54:10,INFO,service-0,Message 685,185
2026-02-05 11:54:20,INFO,service-1,Message 686,186
2026-02-05 11:54:30,INFO,service-2,Message 687,187
2026-02-05 11:54:40,INFO,service-3,Message 688,188
2026-02-05 11:54:50,INFO,service-4,Message 689,189
2026-02-05 11:55:00,WARN,service-0,Message 690,190
2026-02-05 11:55:10,INFO,service-1,Message 691,191
2026-02-05 11:55:20,INFO,service-2,Message 692,192
2026-02-05 11:55:30,INFO,service-3,Message 693,193
2026-02-05 11:55:40,INFO,service-4,Message 694,194
2026-02-05 11:55:50,INFO,service-0,Message 695,195
2026-02-05 11:56:00,INFO,service-1,Message 696,196
2026-02-05 11:56:10,INFO,service-2,Message 697,197
2026-02-05 11:56:20,INFO,service-3,Message 698,198
2026-02-05 11:56:30,INFO,service-4,Message 699,199
2026-02-05 11:56:40,ERROR,service-0,Message 700,200
2026-02-05 11:56:50,INFO,service-1,Message 701,201
2026-02-05 11:57:00,INFO,service-2,Message 702,202
2026-02-05 11:57:10,INFO,service-3,Message 703,203
2026-02-05 11:57:20,INFO,service-4,Message 704,204
2026-02-05 11:57:30,INFO,service-0,Message 705,205
2026-02-05 11:57:40,INFO,service-1,Message 706,206
2026-02-05 11:57:50,INFO,service-2,Message 707,207
2026-02-05 11:58:00,INFO,service-3,Message 708,208
2026-02-05 11:58:10,INFO,service-4,Message 709,209
2026-02-05 11:58:20,WARN,service-0,Message 710,210
2026-02-05 11:58:30,INFO,service-1,Message 711,211
2026-02-05 11:58:40,INFO,service-2,Message 712,212
2026-02-05 11:58:50,INFO,service-3,Message 713,213
2026-02-05 11:59:00,INFO,service-4,Message 714,214
2026-02-05 11:59:10,INFO,service-0,Message 715,215
2026-02-05 11:59:20,INFO,service-1,Message 716,216
2026-02-05 11:59:30,INFO,service-2,Message 717,217
2026-02-05 11:59:40,INFO,service-3,Message 718,218
2026-02-05 11:59:50,INFO,service-4,Message 719,219
2026-02-05 12:00:00,WARN,service-0,Message 720,220
2026-02-05 12:00:10,INFO,service-1,Message 721,221
2026-02-05 12:00:20,INFO,service-2,Message 722,222
2026-02-05 12:00:30,INFO,service-3,Message 723,223
2026-02-05 12:00:40,INFO,service-4,Message 724,224
2026-02-05 12:00:50,INFO,service-0,Message 725,225
2026-02-05 12:01:00,INFO,service-1,Message 726,226
2026-02-05 12:01:10,INFO,service-2,Message 727,227
2026-02-05 12:01:20,INFO,service-3,Message 728,228
2026-02-05 12:01:30,INFO,service-4,Message 729,229
2026-02-05 12:01:40,WARN,service-0,Message 730,230
2026-02-05 12:01:50,INFO,service-1,Message 731,231
2026-02-05 12:02:00,INFO,service-2,Message 732,232
2026-02-05 12:02:10,INFO,service-3,Message 733,233
2026-02-05 12:02:20,INFO,service-4,Message 734,234
2026-02-05 12:02:30,INFO,service-0,Message 735,235
2026-02-05 12:02:40,INFO,service-1,Message 736,236
2026-02-05 12:02:50,INFO,service-2,Message 737,237
2026-02-05 12:03:00,INFO,service-3,Message 738,238
2026-02-05 12:03:10,INFO,service-4,Message 739,239
2026-02-05 12:03:20,WARN,service-0,Message 740,240
2026-02-05 12:03:30,INFO,service-1,Message 741,241
2026-02-05 12:03:40,INFO,service-2,Message 742,242
2026-02-05 12:03:50,INFO,service-3,Message 743,243
2026-02-05 12:04:00,INFO,service-4,Message 744,244
2026-02-05 12:04:10,INFO,service-0,Message 745,245
2026-02-05 12:04:20,INFO,service-1,Message 746,246
2026-02-05 12:04:30,INFO,service-2,Message 747,247
2026-02-05 12:04:40,INFO,service-3,Message 748,248
2026-02-05 12:04:50,INFO,service-4,Message 749,249
2026-02-05 12:05:00,ERROR,service-0,Message 750,250
2026-02-05 12:05:10,INFO,service-1,Message 751,251
2026-02-05 12:05:20,INFO,service-2,Message 752,252
2026-02-05 12:05:30,INFO,service-3,Message 753,253
2026-02-05 12:05:40,INFO,service-4,Message 754,254
2026-02-05 12:05:50,INFO,service-0,Message 755,255
2026-02-05 12:06:00,INFO,service-1,Message 756,256
2026-02-05 12:06:10,INFO,service-2,Message 757,257
2026-02-05 12:06:20,INFO,service-3,Message 758,258
2026-02-05 12:06:30,INFO,service-4,Message 759,259
2026-02-05 12:06:40,WARN,service-0,Message 760,260
2026-02-05 12:06:50,INFO,service-1,Message 761,261
2026-02-05 12:07:00,INFO,service-2,Message 762,262
2026-02-05 12:07:10,INFO,service-3,Message 763,263
2026-02-05 12:07:20,INFO,service-4,Message 764,264
2026-02-05 12:07:30,INFO,service-0,Message 765,265
2026-02-05 12:07:40,INFO,service-1,Message 766,266
2026-02-05 12:07:50,INFO,service-2,Message 767,267
2026-02-05 12:08:00,INFO,service-3,Message 768,268
2026-02-05 12:08:10,INFO,service-4,Message 769,269
2026-02-05 12:08:20,WARN,service-0,Message 770,270
2026-02-05 12:08:30,INFO,service-1,Message 771,271
2026-02-05 12:08:40,INFO,service-2,Message 772,272
2026-02-05 12:08:50,INFO,service-3,Message 773,273
2026-02-05 12:09:00,INFO,service-4,Message 774,274
2026-02-05 12:09:10,INFO,service-0,Message 775,275
2026-02-05 12:09:20,INFO,service-1,Message 776,276
2026-02-05 12:09:30,INFO,service-2,Message 777,277
2026-02-05 12:09:40,INFO,service-3,Message 778,278
2026-02-05 12:09:50,INFO,service-4,Message 779,279
2026-02-05 12:10:00,WARN,service-0,Message 780,280
2026-02-05 12:10:10,INFO,service-1,Message 781,281
2026-02-05 12:10:20,INFO,service-2,Message 782,282
2026-02-05 12:10:30,INFO,service-3,Message 783,283
2026-02-05 12:10:40,INFO,service-4,Message 784,284
2026-02-05 12:10:50,INFO,service-0,Message 785,285
2026-02-05 12:11:00,INFO,service-1,Message 786,286
2026-02-05 12:11:10,INFO,service-2,Message 787,287
2026-02-05 12:11:20,INFO,service-3,Message 788,288
2026-02-05 12:11:30,INFO,service-4,Message 789,289
2026-02-05 12:11:40,WARN,service-0,Message 790,290
2026-02-05 12:11:50,INFO,service-1,Message 791,291
2026-02-05 12:12:00,INFO,service-2,Message 792,292
2026-02-05 12:12:10,INFO,service-3,Message 793,293
2026-02-05 12:12:20,INFO,service-4,Message 794,294
2026-02-05 12:12:30,INFO,service-0,Message 795,295
2026-02-05 12:12:40,INFO,service-1,Message 796,296
2026-02-05 12:12:50,INFO,service-2,Message 797,297
2026-02-05 12:13:00,INFO,service-3,Message 798,298
2026-02-05 12:13:10,INFO,service-4,Message 799,299
2026-02-05 12:13:20,ERROR,service-0,Message 800,100
2026-02-05 12:13:30,INFO,service-1,Message 801,101
2026-02-05 12:13:40,INFO,service-2,Message 802,102
2026-02-05 12:13:50,INFO,service-3,Message 803,103
2026-02-05 12:14:00,INFO,service-4,Message 804,104
2026-02-05 12:14:10,INFO,service-0,Message 805,105
2026-02-05 12:14:20,INFO,service-1,Message 806,106
2026-02-05 12:14:30,INFO,service-2,Message 807,107
2026-02-05 12:14:40,INFO,service-3,Message 808,108
2026-02-05 12:14:50,INFO,service-4,Message 809,109
2026-02-05 12:15:00,WARN,service-0,Message 810,110
2026-02-05 12:15:10,INFO,service-1,Message 811,111
2026-02-05 12:15:20,INFO,service-2,Message 812,112
2026-02-05 12:15:30,INFO,service-3,Message 813,113
2026-02-05 12:15:40,INFO,service-4,Message 814,114
2026-02-05 12:15:50,INFO,service-0,Message 815,115
2026-02-05 12:16:00,INFO,service-1,Message 816,116
2026-02-05 12:16:10,INFO,service-2,Message 817,117
2026-02-05 12:16:20,INFO,service-3,Message 818,118
2026-02-05 12:16:30,INFO,service-4,Message 819,119
2026-02-05 12:16:40,WARN,service-0,Message 820,120
2026-02-05 12:16:50,INFO,service-1,Message 821,121
2026-02-05 12:17:00,INFO,service-2,Message 822,122
2026-02-05 12:17:10,INFO,service-3,Message 823,123
2026-02-05 12:17:20,INFO,service-4,Message 824,124
2026-02-05 12:17:30,INFO,service-0,Message 825,125
2026-02-05 12:17:40,INFO,service-1,Message 826,126
2026-02-05 12:17:50,INFO,service-2,Message 827,127
2026-02-05 12:18:00,INFO,service-3,Message 828,128
2026-02-05 12:18:10,INFO,service-4,Message 829,129
2026-02-05 12:18:20,WARN,service-0,Message 830,130
2026-02-05 12:18:30,INFO,service-1,Message 831,131
2026-02-05 12:18:40,INFO,service-2,Message 832,132
2026-02-05 12:18:50,INFO,service-3,Message 833,133
2026-02-05 12:19:00,INFO,service-4,Message 834,134
2026-02-05 12:19:10,INFO,service-0,Message 835,135
2026-02-05 12:19:20,INFO,service-1,Message 836,136
2026-02-05 12:19:30,INFO,service-2,Message 837,137
2026-02-05 12:19:40,INFO,service-3,Message 838,138
2026-02-05 12:19:50,INFO,service-4,Message 839,139
2026-02-05 12:20:00,WARN,service-0,Message 840,140
2026-02-05 12:20:10,INFO,service-1,Message 841,141
2026-02-05 12:20:20,INFO,service-2,Message 842,142
2026-02-05 12:20:30,INFO,service-3,Message 843,143
2026-02-05 12:20:40,INFO,service-4,Message 844,144
2026-02-05 12:20:50,INFO,service-0,Message 845,145
2026-02-05 12:21:00,INFO,service-1,Message 846,146
2026-02-05 12:21:10,INFO,service-2,Message 847,147
2026-02-05 12:21:20,INFO,service-3,Message 848,148
2026-02-05 12:21:30,INFO,service-4,Message 849,149
2026-02-05 12:21:40,ERROR,service-0,Message 850,150
2026-02-05 12:21:50,INFO,service-1,Message 851,151
2026-02-05 12:22:00,INFO,service-2,Message 852,152
2026-02-05 12:22:10,INFO,service-3,Message 853,153
2026-02-05 12:22:20,INFO,service-4,Message 854,154
2026-02-05 12:22:30,INFO,service-0,Message 855,155
2026-02-05 12:22:40,INFO,service-1,Message 856,156
2026-02-05 12:22:50,INFO,service-2,Message 857,157
2026-02-05 12:23:00,INFO,service-3,Message 858,158
2026-02-05 12:23:10,INFO,service-4,Message 859,159
2026-02-05 12:23:20,WARN,service-0,Message 860,160
2026-02-05 12:23:30,INFO,service-1,Message 861,161
2026-02-05 12:23:40,INFO,service-2,Message 862,162
2026-02-05 12:23:50,INFO,service-3,Message 863,163
2026-02-05 12:24:00,INFO,service-4,Message 864,164
2026-02-05 12:24:10,INFO,service-0,Message 865,165
2026-02-05 12:24:20,INFO,service-1,Message 866,166
2026-02-05 12:24:30,INFO,service-2,Message 867,167
2026-02-05 12:24:40,INFO,service-3,Message 868,168
2026-02-05 12:24:50,INFO,service-4,Message 869,169
2026-02-05 12:25:00,WARN,service-0,Message 870,170
2026-02-05 12:25:10,INFO,service-1,Message 871,171
2026-02-05 12:25:20,INFO,service-2,Message 872,172
2026-02-05 12:25:30,INFO,service-3,Message 873,173
2026-02-05 12:25:40,INFO,service-4,Message 874,174
2026-02-05 12:25:50,INFO,service-0,Message 875,175
2026-02-05 12:26:00,INFO,service-1,Message 876,176
2026-02-05 12:26:10,INFO,service-2,Message 877,177
2026-02-05 12:26:20,INFO,service-3,Message 878,178
2026-02-05 12:26:30,INFO,service-4,Message 879,179
2026-02-05 12:26:40,WARN,service-0,Message 880,180
2026-02-05 12:26:50,INFO,service-1,Message 881,181
2026-02-05 12:27:00,INFO,service-2,Message 882,182
2026-02-05 12:27:10,INFO,service-3,Message 883,183
2026-02-05 12:27:20,INFO,service-4,Message 884,184
2026-02-05 12:27:30,INFO,service-0,Message 885,185
2026-02-05 12:27:40,INFO,service-1,Message 886,186
2026-02-05 12:27:50,INFO,service-2,Message 887,187
2026-02-05 12:28:00,INFO,service-3,Message 888,188
2026-02-05 12:28:10,INFO,service-4,Message 889,189
2026-02-05 12:28:20,WARN,service-0,Message 890,190
2026-02-05 12:28:30,INFO,service-1,Message 891,191
2026-02-05 12:28:40,INFO,service-2,Message 892,192
2026-02-05 12:28:50,INFO,service-3,Message 893,193
2026-02-05 12:29:00,INFO,service-4,Message 894,194
2026-02-05 12:29:10,INFO,service-0,Message 895,195
2026-02-05 12:29:20,INFO,service-1,Message 896,196
2026-02-05 12:29:30,INFO,service-2,Message 897,197
2026-02-05 12:29:40,INFO,service-3,Message 898,198
2026-02-05 12:29:50,INFO,service-4,Message 899,199
2026-02-05 12:30:00,ERROR,service-0,Message 900,200
2026-02-05 12:30:10,INFO,service-1,Message 901,201
2026-02-05 12:30:20,INFO,service-2,Message 902,202
2026-02-05 12:30:30,INFO,service-3,Message 903,203
2026-02-05 12:30:40,INFO,service-4,Message 904,204
2026-02-05 12:30:50,INFO,service-0,Message 905,205
2026-02-05 12:31:00,INFO,service-1,Message 906,206
2026-02-05 12:31:10,INFO,service-2,Message 907,207
2026-02-05 12:31:20,INFO,service-3,Message 908,208
2026-02-05 12:31:30,INFO,service-4,Message 909,209
2026-02-05 12:31:40,WARN,service-0,Message 910,210
2026-02-05 12:31:50,INFO,service-1,Message 911,211
2026-02-05 12:32:00,INFO,service-2,Message 912,212
2026-02-05 12:32:10,INFO,service-3,Message 913,213
2026-02-05 12:32:20,INFO,service-4,Message 914,214
2026-02-05 12:32:30,INFO,service-0,Message 915,215
2026-02-05 12:32:40,INFO,service-1,Message 916,216
2026-02-05 12:32:50,INFO,service-2,Message 917,217
2026-02-05 12:33:00,INFO,service-3,Message 918,218
2026-02-05 12:33:10,INFO,service-4,Message 919,219
2026-02-05 12:33:20,WARN,service-0,Message 920,220
2026-02-05 12:33:30,INFO,service-1,Message 921,221
2026-02-05 12:33:40,INFO,service-2,Message 922,222
2026-02-05 12:33:50,INFO,service-3,Message 923,223
2026-02-05 12:34:00,INFO,service-4,Message 924,224
2026-02-05 12:34:10,INFO,service-0,Message 925,225
2026-02-05 12:34:20,INFO,service-1,Message 926,226
2026-02-05 12:34:30,INFO,service-2,Message 927,227
2026-02-05 12:34:40,INFO,service-3,Message 928,228
2026-02-05 12:34:50,INFO,service-4,Message 929,229
2026-02-05 12:35:00,WARN,service-0,Message 930,230
2026-02-05 12:35:10,INFO,service-1,Message 931,231
2026-02-05 12:35:20,INFO,service-2,Message 932,232
2026-02-05 12:35:30,INFO,service-3,Message 933,233
2026-02-05 12:35:40,INFO,service-4,Message 934,234
2026-02-05 12:35:50,INFO,service-0,Message 935,235
2026-02-05 12:36:00,INFO,service-1,Message 936,236
2026-02-05 12:36:10,INFO,service-2,Message 937,237
2026-02-05 12:36:20,INFO,service-3,Message 938,238
2026-02-05 12:36:30,INFO,service-4,Message 939,239
2026-02-05 12:36:40,WARN,service-0,Message 940,240
2026-02-05 12:36:50,INFO,service-1,Message 941,241
2026-02-05 12:37:00,INFO,service-2,Message 942,242
2026-02-05 12:37:10,INFO,service-3,Message 943,243
2026-02-05 12:37:20,INFO,service-4,Message 944,244
2026-02-05 12:37:30,INFO,service-0,Message 945,245
2026-02-05 12:37:40,INFO,service-1,Message 946,246
2026-02-05 12:37:50,INFO,service-2,Message 947,247
2026-02-05 12:38:00,INFO,service-3,Message 948,248
2026-02-05 12:38:10,INFO,service-4,Message 949,249
2026-02-05 12:38:20,ERROR,service-0,Message 950,250
2026-02-05 12:38:30,INFO,service-1,Message 951,251
2026-02-05 12:38:40,INFO,service-2,Message 952,252
2026-02-05 12:38:50,INFO,service-3,Message 953,253
2026-02-05 12:39:00,INFO,service-4,Message 954,254
2026-02-05 12:39:10,INFO,service-0,Message 955,255
2026-02-05 12:39:20,INFO,service-1,Message 956,256
2026-02-05 12:39:30,INFO,service-2,Message 957,257
2026-02-05 12:39:40,INFO,service-3,Message 958,258
2026-02-05 12:39:50,INFO,service-4,Message 959,259
2026-02-05 12:40:00,WARN,service-0,Message 960,260
2026-02-05 12:40:10,INFO,service-1,Message 961,261
2026-02-05 12:40:20,INFO,service-2,Message 962,262
2026-02-05 12:40:30,INFO,service-3,Message 963,263
2026-02-05 12:40:40,INFO,service-4,Message 964,264
2026-02-05 12:40:50,INFO,service-0,Message 965,265
2026-02-05 12:41:00,INFO,service-1,Message 966,266
2026-02-05 12:41:10,INFO,service-2,Message 967,267
2026-02-05 12:41:20,INFO,service-3,Message 968,268
2026-02-05 12:41:30,INFO,service-4,Message 969,269
2026-02-05 12:41:40,WARN,service-0,Message 970,270
2026-02-05 12:41:50,INFO,service-1,Message 971,271
2026-02-05 12:42:00,INFO,service-2,Message 972,272
2026-02-05 12:42:10,INFO,service-3,Message 973,273
2026-02-05 12:42:20,INFO,service-4,Message 974,274
2026-02-05 12:42:30,INFO,service-0,Message 975,275
2026-02-05 12:42:40,INFO,service-1,Message 976,276
2026-02-05 12:42:50,INFO,service-2,Message 977,277
2026-02-05 12:43:00,INFO,service-3,Message 978,278
2026-02-05 12:43:10,INFO,service-4,Message 979,279
2026-02-05 12:43:20,WARN,service-0,Message 980,280
2026-02-05 12:43:30,INFO,service-1,Message 981,281
2026-02-05 12:43:40,INFO,service-2,Message 982,282
2026-02-05 12:43:50,INFO,service-3,Message 983,283
2026-02-05 12:44:00,INFO,service-4,Message 984,284
2026-02-05 12:44:10,INFO,service-0,Message 985,285
2026-02-05 12:44:20,INFO,service-1,Message 986,286
2026-02-05 12:44:30,INFO,service-2,Message 987,287
2026-02-05 12:44:40,INFO,service-3,Message 988,288
2026-02-05 12:44:50,INFO,service-4,Message 989,289
2026-02-05 12:45:00,WARN,service-0,Message 990,290
2026-02-05 12:45:10,INFO,service-1,Message 991,291
2026-02-05 12:45:20,INFO,service-2,Message 992,292
2026-02-05 12:45:30,INFO,service-3,Message 993,293
2026-02-05 12:45:40,INFO,service-4,Message 994,294
2026-02-05 12:45:50,INFO,service-0,Message 995,295
2026-02-05 12:46:00,INFO,service-1,Message 996,296
2026-02-05 12:46:10,INFO,service-2,Message 997,297
2026-02-05 12:46:20,INFO,service-3,Message 998,298
2026-02-05 12:46:30,INFO,service-4,Message 999,299
